chunk_size,time
32,7.76186680002138
64,2.6396741666831076
128,1.1186199332975473
250,0.8975999666533122
500,1.307398366664226
1000,1.9108110999998946
