processes,time,speedup
1,4.152371766666572,3.4236969453033272
2,2.6703302999570346,5.323859199563763
4,4.216624233367232,3.371527019363404
8,5.339192733285017,2.662661425326228
